id,model,stage,paper_reference,paper_accuracy,paper_precision,paper_recall,paper_f1,paper_auc,paper_mae,pipeline_a_pso_accuracy,pipeline_a_pso_precision,pipeline_a_pso_recall,pipeline_a_pso_f1,pipeline_a_pso_auc,pipeline_a_pso_mae,pipeline_a_table2_accuracy,pipeline_a_table2_precision,pipeline_a_table2_recall,pipeline_a_table2_f1,pipeline_a_table2_auc,pipeline_a_table2_mae,delta_accuracy,delta_precision,delta_recall,delta_f1,delta_auc,delta_mae,pipeline_b,optimised
xgboost_default,XGBoost,Default,Table 8,0.975,0.97,0.98,0.975,0.97,,0.9967373572593801,0.9993451211525868,0.9941368078175896,0.9967341606792947,0.9999467756700943,0.0032626427406199023,0.9895595432300163,0.9883040935672515,0.9908794788273616,0.9895901106050748,0.9992335696493583,0.010440456769983687,0.021737357259380086,0.029345121152586806,0.014136807817589636,0.02173416067929468,0.029946775670094294,,not yet run,not yet run
xgboost_ga,XGBoost,GA Tuned,Table 9 & 10 (Proposed Framework),0.992,0.992,0.993,0.992,0.99,0.01,0.9970636215334421,1.0,0.9941368078175896,0.9970597843841882,0.9999403887505056,0.002936378466557912,,,,,,,0.005063621533442086,0.008000000000000007,0.0011368078175896246,0.005059784384188193,0.009940388750505624,-0.007063621533442088,not yet run,not yet run
svm_default,SVM,Default,Table 8,0.744,0.826,0.713,0.765,0.71,,0.9376835236541599,0.9274809160305344,0.9498371335504886,0.9385259092372062,0.9697839092205829,0.06231647634584013,0.700489396411093,0.6409319323892189,0.9140065146579804,0.7534908700322235,0.8208264673947754,0.299510603588907,0.19368352365415986,0.10148091603053444,0.23683713355048863,0.17352590923720623,0.2597839092205829,,not yet run,not yet run
svm_ga,SVM,GA Tuned,Table 9,0.87,0.869,0.872,0.87,0.86,0.13,0.9882544861337683,0.9870045484080572,0.9895765472312703,0.9882888744307092,0.9979957846330715,0.011745513866231648,,,,,,,0.11825448613376832,0.11800454840805719,0.11757654723127031,0.11828887443070923,0.1379957846330715,-0.11825448613376835,not yet run,not yet run
isolation_forest_default,Isolation Forest,Default,Table 8,0.694,0.732,0.683,0.707,0.53,,0.43947797716150083,0.22686567164179106,0.049511400651465795,0.08128342245989303,0.18689233782546677,0.5605220228384992,0.4508972267536705,0.26582278481012656,0.05472312703583062,0.09076175040518639,0.3223342062123438,0.5491027732463295,-0.2545220228384991,-0.5051343283582089,-0.6334885993485343,-0.6257165775401069,-0.34310766217453326,,not yet run,not yet run
isolation_forest_ga,Isolation Forest,GA Tuned,Table 9,0.824,0.824,0.827,0.825,0.79,0.18,0.48972267536704733,0.14634146341463414,0.003908794788273616,0.007614213197969543,0.2289327457367312,0.5102773246329527,,,,,,,-0.3342773246329526,-0.6776585365853658,-0.8230912052117263,-0.8173857868020304,-0.5610672542632689,0.33027732463295273,not yet run,not yet run
cart_baseline,CART,Baseline,Table 10 (Saxena et al. [14]),0.81,0.813,0.81,0.809,0.81,0.22,0.9934747145187602,0.9928432010409889,0.9941368078175896,0.9934895833333333,0.9934736326669649,0.0065252854812398045,0.9732463295269168,0.9732899022801303,0.9732899022801303,0.9732899022801303,0.9730454961572035,0.026753670473083198,0.18347471451876018,0.17984320104098894,0.18413680781758957,0.1844895833333332,0.18347363266696481,-0.21347471451876018,not yet run,not yet run
lof_baseline,LOF,Baseline,Table 10 (Fangfang et al. [12]),0.949,0.946,0.954,0.949,0.94,0.06,0.43491027732463294,0.2908704883227176,0.08925081433224756,0.1365902293120638,0.40118881863277345,0.5650897226753671,0.4443719412724307,0.2717391304347826,0.06514657980456026,0.10509721492380451,0.3812650358731984,0.5556280587275694,-0.514089722675367,-0.6551295116772824,-0.8647491856677524,-0.8124097706879362,-0.5388111813672265,0.505089722675367,not yet run,not yet run
xgboost_table10,XGBoost,Baseline (reused),Table 10 (Alarab et al. [16]),0.975,0.97,0.98,0.975,0.97,0.03,0.9967373572593801,0.9993451211525868,0.9941368078175896,0.9967341606792947,0.9999467756700943,0.0032626427406199023,0.9895595432300163,0.9883040935672515,0.9908794788273616,0.9895901106050748,0.9992335696493583,0.010440456769983687,0.021737357259380086,0.029345121152586806,0.014136807817589636,0.02173416067929468,0.029946775670094294,-0.026737357259380097,not yet run,not yet run
