gen,nevals,avg,std,min,max
0,50,0.9901074605837098,0.0027055567657918037,0.9778643547843383,0.9939624826102773
1,23,0.9900042975449053,0.0026935014511068364,0.9784550541305338,0.9939624826102773
2,30,0.9894802129883093,0.0038847795606569194,0.9739201879026327,0.9939624826102773
3,31,0.9885687949616577,0.003616139316419935,0.9784373198436763,0.9937184056952845
4,35,0.9893968279837755,0.0025080581594869094,0.9761114382763445,0.9925817110241782
5,27,0.9896260862081634,0.0025694870770932745,0.9751417035400843,0.9925768942089489
6,30,0.9890290057999113,0.002965634897948669,0.9751417035400843,0.9927454331966595
7,37,0.9893055379273747,0.003074584589716913,0.9729499077041779,0.9934054327041867
8,41,0.9895957821890279,0.0025680425524973864,0.9773475428945974,0.994124605800128
9,28,0.9885839181359111,0.00336325608837112,0.9773475428945974,0.9934054327041867
10,26,0.9886325333585338,0.003102684635560906,0.9773475428945974,0.9937225007410184
11,29,0.9892664657209481,0.00212311367954004,0.9803162805343973,0.9940462787592335
12,39,0.9893507626660373,0.0015654533977200649,0.9866360647369653,0.9951048773409489
13,28,0.9894207015986202,0.0016287637046321244,0.9862325914790014,0.9951048773409489
14,34,0.9896258142481282,0.0016720644379598923,0.9872848872985323,0.9946968376913731
15,31,0.9900909990873055,0.002331982342714413,0.9866500697725274,0.9948639470199446
16,34,0.9897008136365723,0.0021093842447890672,0.9866500697725274,0.9948615570070524
17,25,0.9899539622956426,0.0021708164233646206,0.9866500697725274,0.9948602394053371
18,35,0.9900623392974324,0.0019650611788537015,0.9864866460661958,0.9943745466261381
19,28,0.9900121165568427,0.0020653090215365243,0.9864866460661958,0.9947827491520047
20,22,0.9899430349774502,0.0019746712329533726,0.9865603456476985,0.9948588403178374
