model,stage,paper_accuracy,paper_precision,paper_recall,paper_f1,paper_roc_auc,paper_pr_auc,paper_mcc,pipeline_a_accuracy,pipeline_a_precision,pipeline_a_recall,pipeline_a_f1,pipeline_a_roc_auc,pipeline_a_pr_auc,pipeline_a_mcc,rung_l1_accuracy,rung_l1_precision,rung_l1_recall,rung_l1_f1,rung_l1_roc_auc,rung_l1_pr_auc,rung_l1_mcc,rung_b_accuracy,rung_b_precision,rung_b_recall,rung_b_f1,rung_b_roc_auc,rung_b_pr_auc,rung_b_mcc
XGBoost,Default,0.975,0.97,0.98,0.975,0.97,not run,not run,0.9967373572593801,0.9993451211525868,0.9941368078175896,0.9967341606792947,0.9999467756700943,not run,not run,0.9944536882972823,0.9744525547445255,0.9888888888888889,0.9816176470588235,0.9997753134739435,0.9987891893916423,0.9783886969560908,0.9944536882972823,0.9814814814814815,0.9814814814814815,0.9814814814814815,0.9997342417433741,0.9986158934496573,0.9782199028774371
XGBoost,GA Tuned,0.992,0.992,0.993,0.992,0.99,not run,not run,0.9970636215334421,1.0,0.9941368078175896,0.9970597843841882,0.9999403887505056,not run,not run,0.992789794786467,0.9638989169675091,0.9888888888888889,0.9762340036563072,0.9998260491411177,0.9990502827636023,0.9720956786653663,0.9911259012756517,0.9635036496350365,0.9777777777777777,0.9705882352941176,0.9997439056799788,0.998624301867588,0.9653994193738467
SVM,Default,0.744,0.826,0.713,0.765,0.71,not run,not run,0.9376835236541599,0.9274809160305344,0.9498371335504886,0.9385259092372062,0.9697839092205829,not run,not run,0.9217970049916805,0.6666666666666666,0.9555555555555556,0.7853881278538813,0.9529897803870406,0.6152963757033535,0.7573328735925764,0.9195784803105934,0.6606683804627249,0.9518518518518518,0.7799696509863429,0.9523072648643425,0.611190714895598,0.7510070889035803
SVM,GA Tuned,0.87,0.869,0.872,0.87,0.86,not run,not run,0.9882544861337683,0.9870045484080572,0.9895765472312703,0.9882888744307092,0.9979957846330715,not run,not run,not run,not run,not run,not run,not run,not run,not run,0.9794786466999446,0.8896321070234113,0.9851851851851852,0.9349736379613356,0.9982822352685367,0.9904147333867317,0.9245208794568203
Isolation Forest,Default,0.694,0.732,0.683,0.707,0.53,not run,not run,0.43947797716150083,0.22686567164179106,0.049511400651465795,0.08128342245989303,0.18689233782546677,not run,not run,0.7348863006100943,0.05172413793103448,0.044444444444444446,0.04780876494023904,0.14988282476866954,0.09039372402821859,-0.1055701601485199,0.7398779811425402,0.053811659192825115,0.044444444444444446,0.04868154158215011,0.13564784615012926,0.08936429788249405,-0.10100915584630343
Isolation Forest,GA Tuned,0.824,0.824,0.827,0.825,0.79,not run,not run,0.48972267536704733,0.14634146341463414,0.003908794788273616,0.007614213197969543,0.2289327457367312,not run,not run,not run,not run,not run,not run,not run,not run,not run,0.317249029395452,0.06198723792160438,0.2518518518518518,0.09948792977322604,0.19565122852794084,0.09204343554515813,-0.3065886491178115
CART,Default,0.81,0.813,0.81,0.809,0.81,not run,not run,0.9934747145187602,0.9928432010409889,0.9941368078175896,0.9934895833333333,0.9934736326669649,not run,not run,0.9805879090404881,0.9037800687285223,0.9740740740740741,0.9376114081996434,0.9779046169457128,0.8842311518052408,0.9270470820558423,0.9828064337215752,0.9192982456140351,0.9703703703703703,0.9441441441441442,0.9776835543958832,0.8964968284394971,0.9344690654355646
CART,GA Tuned,not run,not run,not run,not run,not run,not run,not run,not run,not run,not run,not run,not run,not run,not run,not run,not run,not run,not run,not run,not run,not run,not run,not run,not run,not run,not run,not run,not run
LOF,Default,0.949,0.946,0.954,0.949,0.94,not run,not run,0.43491027732463294,0.2908704883227176,0.08925081433224756,0.1365902293120638,0.40118881863277345,not run,not run,0.6916250693288963,0.1477832512315271,0.2222222222222222,0.17751479289940827,0.5410958904109588,0.1741872505618728,-0.002971996630741294,0.7021630615640599,0.15503875968992248,0.2222222222222222,0.182648401826484,0.5500640235800054,0.18309430197979332,0.007747940866677221
LOF,GA Tuned,not run,not run,not run,not run,not run,not run,not run,not run,not run,not run,not run,not run,not run,not run,not run,not run,not run,not run,not run,not run,not run,not run,not run,not run,not run,not run,not run,not run
